

Available SQL Sources
-------------------------------------
CQSLCustSrv
    - SQL Server
dBASE Files
    - Microsoft Access dBASE Driver (*.dbf, *.ndx, *.mdx)
Excel Files
    - Microsoft Excel Driver (*.xls, *.xlsx, *.xlsm, *.xlsb)
MS Access Database
    - Microsoft Access Driver (*.mdb, *.accdb)

Name=Ken Lidster, 10/18/2003, Rank=10, Email=ken@synergex.com, Id=1
Name=Eric Bariaux, 10/18/2003, Rank=10, Email=ebariaux@tinsys.com, Id=2
Name=Les Auber, 10/18/2003, Rank=5, Email=lesauber985@mindspring.com, Id=3
Name=Andy Swingler, 10/19/2003, Rank=8, Email=ASwingler@cox.net, Id=4
Name=David Hays, 11/05/2003, Rank=6, Email=haysdb@cox.net, Id=6
Name=Mark Hulse, 03/07/2004, Rank=1, Email=mhulse@hulsenet.com, Id=8
Name=Mark Stega, 05/06/2004, Rank=9, Email=mstega@charmedquark.com, Id=9
Name=Alan Gouger, 05/14/2004, Rank=6, Email=alan@avscience.com, Id=10
Name=Paul Bryant, 07/03/2004, Rank=1, Email=paul_sam@idl.com.au, Id=11
Name=Mark Jaremko, 07/16/2004, Rank=1, Email=Mark@markjaremko.com, Id=12
Name=Paul Gregory, 08/31/2004, Rank=8, Email=pauljgreory@outlook.com, Id=13
Name=Mike Ruby, 10/31/2004, Rank=7, Email=rubym@rocketmail.com, Id=14
Name=Rohan Hamer, 01/25/2005, Rank=6, Email=rxhamer@bigpond.net.au, Id=16
Name=Stefan Decuypere, 02/01/2005, Rank=4, Email=stefan@decuypere.org, Id=17
Name=Marc Levin, 02/14/2005, Rank=3, Email=M.R.L@comcast.net, Id=18
Name=Brian A. Dye, 03/04/2005, Rank=8, Email=brian@tech-home.com, Id=19
Name=David Bruner, 03/05/2005, Rank=5, Email=dbruner@comcast.net, Id=20
Name=Ryan Neaderhiser, 03/14/2005, Rank=1, Email=rwn@neaderhiser.com, Id=21
Name=Kent Berry, 03/21/2005, Rank=3, Email=berry@fdn.com, Id=22
Name=Mike Aymar, 03/27/2005, Rank=6, Email=MikeAymar@aol.com, Id=23
Name=Charles Clare, 04/24/2005, Rank=1, Email=Charles@cie.net.au, Id=24
Name=Neil Hollingworth, 06/04/2005, Rank=4, Email=neil.hollingworth.rr@lineone.net, Id=25
Name=David Powell, 08/23/2005, Rank=8, Email=davepow16@gmail.com, Id=26
Name=Ken Woodrow, 08/30/2005, Rank=5, Email=kdwoodrow@hotmail.com, Id=27
Name=Marc Hult, 09/06/2005, Rank=6, Email=charmedquark@hydrologist.com, Id=28
Name=Raj Mehta, 09/21/2005, Rank=1, Email=rajmehta001@gmail.com, Id=29
Name=Kenny Owens, 09/22/2005, Rank=1, Email=1hotwire@msn.com, Id=30
Name=Vivek Bhatia, 09/23/2005, Rank=4, Email=iamvivek@msn.com, Id=31
Name=Digital Connections, 10/24/2005, Rank=6, Email=sales@digitalconnection.com, Id=32
Name=Mykel Koblenz, 11/03/2005, Rank=1, Email=mykel@illawarrasmarthome.com.au, Id=33
Name=Aaron Ewerdt, 11/03/2005, Rank=6, Email=AEwerdt@SolarisHomeSystems.com, Id=34
Name=Joey Smith, 11/23/2005, Rank=6, Email=jsmith@polarjungle.com, Id=35
Name=Stephen Richardson, 12/04/2005, Rank=8, Email=prefect@gweep.net, Id=36
Name=Charles Lee, 12/22/2005, Rank=1, Email=charleslee@telus.net, Id=37
Name=Greg Hodges, 12/24/2005, Rank=1, Email=payments@5starevents.com, Id=38
Name=Richard Sironen, 01/14/2006, Rank=1, Email=Rick@nwqc.com, Id=39
Name=John Smith, 02/06/2006, Rank=1, Email=jsmith6027@aol.com, Id=40
Name=Kirk Kanak, 02/09/2006, Rank=5, Email=kirk@kanak.com, Id=41
Name=Jay Garnett, 02/10/2006, Rank=1, Email=c_210@hotmail.com, Id=42
Name=Chadwick Dodd, 02/18/2006, Rank=1, Email=doddcd@yahoo.com, Id=43
Name=Roy Nasser, 02/23/2006, Rank=1, Email=roy@vem.ca, Id=44
Name=Robert Royster, 02/25/2006, Rank=1, Email=robert.royster@gmail.com, Id=45
Name=Paul Stansel, 02/25/2006, Rank=1, Email=madpoet@rocketmail.com, Id=46
Name=Allen Menard, 02/27/2006, Rank=1, Email=alias@ncrypt.net, Id=47
Name=Joseph Muratori, 03/03/2006, Rank=1, Email=jermmd@charter.net, Id=48
Name=Ron Ellis, 03/04/2006, Rank=4, Email=ellisr63@yahoo.com, Id=49
Name=Joseph Sernell, 03/13/2006, Rank=1, Email=sernell@pitt.edu, Id=50
Name=James Bengard, 03/05/2010, Rank=1, Email=jbengard@gmail.com, Id=51
Name=Brad Rodgers, 03/18/2006, Rank=1, Email=brad@rodgersweb.com, Id=52
Name=Bradley Clare, 03/19/2006, Rank=1, Email=bradley.clare@dsto.defence.gov.au, Id=53
Name=Michael Werstlein, 03/20/2006, Rank=1, Email=mwerstlein@yahoo.com, Id=54
Name=John Hooper, 03/21/2006, Rank=1, Email=jmwhooper@hotmail.com, Id=55
Name=Adam Harrison, 03/26/2006, Rank=1, Email=adam@waterspoutcourt.com, Id=56
Name=Joel Decker, 04/16/2006, Rank=1, Email=joel.biz@dnotes.org, Id=58
Name=Micah Starbuck, 04/24/2006, Rank=1, Email=Micah.Starbuck@comcast.net, Id=59
Name=Ronald Ritchey, 04/25/2006, Rank=1, Email=ron@ritchey.org, Id=60
Name=Ali Raza, 04/28/2006, Rank=1, Email=raza@noshali.com, Id=61
Name=Byron Hynes, 05/04/2006, Rank=1, Email=byronhynes@gmail.com, Id=62
Name=D M Brewster, 05/06/2006, Rank=1, Email=mike@thebrewsters.us, Id=63
Name=Nick Cook, 05/06/2006, Rank=1, Email=nrcook@gmail.com, Id=64
Name=Chris Peterson, 05/10/2006, Rank=10, Email=dcpetersen@sbcglobal.net, Id=65
Name=Andrew Chilvers, 05/12/2006, Rank=1, Email=chilvers@mindspring.com, Id=66
Name=Keith Lindemulder, 05/17/2006, Rank=1, Email=klindemulder@nuconsteel.com, Id=67
Name=Qui Hang, 05/19/2006, Rank=1, Email=qhang@anteon.com, Id=68
Name=Craig Heimark, 05/20/2006, Rank=1, Email=craig@home.com, Id=69
Name=Paul Lampasso, 06/20/2006, Rank=1, Email=plampasso@tampabay.rr.com, Id=71
Name=Acme Widget, 06/28/2006, Rank=1, Email=purchasing@acmewidget.com, Id=72
Name=Jason Blatchford, 06/29/2006, Rank=1, Email=jasonblatchford@yahoo.com.au, Id=73
Name=Brian Lee, 07/05/2006, Rank=1, Email=brian@paverconstructionnj.com, Id=74
Name=Bryan Bienvenu, 07/06/2006, Rank=1, Email=bbienvenu@cox.net, Id=75
Name=Jesse Knight, 07/07/2006, Rank=1, Email=jesse@headington.com, Id=76
Name=Les Adams, 07/12/2006, Rank=1, Email=home@adams-home.com, Id=77
Name=Jim Scheller, 07/13/2006, Rank=1, Email=jscheller@cox.net, Id=78
Name=Dean Barret, 07/21/2006, Rank=1, Email=dean@rolec.net, Id=79
Name=Panos Kouniakis, 07/30/2006, Rank=1, Email=panos_k75@yahoo.com, Id=80
Name=Elmer Millikan, 07/31/2006, Rank=1, Email=tples69@hotmail.com, Id=81
Name=Larry Ott, 08/03/2006, Rank=1, Email=lpott6@comcast.net, Id=82
Name=Bryan Brademan, 08/03/2006, Rank=1, Email=bryan@visual-av.com, Id=83
Name=Jonathan Bradshaw, 08/03/2006, Rank=1, Email=Jonathan@NrgUp.Net, Id=84
Name=John Hughes, 08/03/2006, Rank=1, Email=johnnynine@yahoo.com, Id=85
Name=Jason Monroe, 08/03/2006, Rank=1, Email=jkmonroe@gmail.com, Id=86
Name=Stephan Fleck, 08/03/2006, Rank=1, Email=badmail@gmail.com, Id=88
Name=Christopher Wynn, 08/03/2006, Rank=1, Email=chris@the-wynns.com, Id=89
Name=Eric Wuenscher, 08/04/2006, Rank=1, Email=me@wuench.com, Id=90
Name=Erik Estrada, 08/04/2006, Rank=1, Email=erik@estradaville.com, Id=92
Name=James White, 08/04/2006, Rank=1, Email=jimwhite@tampabay.rr.c, Id=95
Name=Steve Mitchell, 08/04/2006, Rank=1, Email=CQC@stevescocoon.com, Id=96
Name=Rob Miller, 08/05/2006, Rank=1, Email=rm1759@gmail.com, Id=97
Name=Nishan Fernando, 08/05/2006, Rank=1, Email=nishan@fernando-family.com, Id=98
Name=Steven Wegman, 08/05/2006, Rank=1, Email=steve@wegmanfamily.com, Id=99
Name=Zachary Young, 08/05/2006, Rank=1, Email=zyoung@comcast.net, Id=100
Name=Suresh Devanan, 08/05/2006, Rank=1, Email=sureakdev@hotmail.com, Id=101
Name=Danny Marquardt, 08/05/2006, Rank=1, Email=danny.marquardt@gmail.com, Id=102
Name=Ross Leung, 08/05/2006, Rank=1, Email=cqc@emailjunk.com, Id=103
Name=Doug Gray, 08/05/2006, Rank=1, Email=dgray@coldstorage.com, Id=105
Name=Frank Drewes, 08/05/2006, Rank=1, Email=frank.drewes@gmail.com, Id=107
Name=Jason Hillman, 08/05/2006, Rank=1, Email=jason@averyhillman.com, Id=108
Name=Chris Luke, 08/05/2006, Rank=1, Email=chrisy@flirble.org, Id=109
Name=Paul Kohler, 08/05/2006, Rank=1, Email=pat34@comcast.net, Id=110
Name=Phil Freiberg, 08/05/2006, Rank=1, Email=phil@freibergfamily.net, Id=111
Name=Matthew Kohler, 08/05/2006, Rank=1, Email=Mekohler@mindspring.com, Id=112
Name=Robert Marshburn, 08/05/2006, Rank=1, Email=robertm@triac-nc.com, Id=113
Name=Nick Mihaljevic, 08/05/2006, Rank=1, Email=nick@mihaljevic.org, Id=114
Name=Frank Mc Alinden, 08/05/2006, Rank=1, Email=frankmc@internode.on.net, Id=115
Name=Stipe Kozul, 08/05/2006, Rank=1, Email=stipe76@gmail.com, Id=116
Name=Bradley Alge, 08/05/2006, Rank=1, Email=algeb@mgmt.purdue.edu, Id=117
Name=Lance Hamai, 08/05/2006, Rank=1, Email=hamai001@gmail.com, Id=118
Name=T.J. Rau, 08/05/2006, Rank=1, Email=tjrau@yahoo.com, Id=119
Name=Somak Mitra, 08/05/2006, Rank=1, Email=somak_mitra@hotmail.com, Id=120
Name=Michael Eyring, 08/05/2006, Rank=1, Email=Michael.eyring@gmail.com, Id=121
Name=Alan Cheslow, 08/05/2006, Rank=1, Email=Alan@cheslow.com, Id=122
Name=Bob Brodersen, 08/06/2006, Rank=1, Email=bob@starbright.name, Id=123
Name=Brian Erickson, 08/06/2006, Rank=1, Email=brian@ericksonworld.com, Id=124
Name=Ross Neale, 08/06/2006, Rank=1, Email=rossn@orcon.net.nz, Id=125
Name=Steven Hiller, 08/06/2006, Rank=1, Email=Steve.Hiller@gmail.com, Id=126
Name=Perry Glover, 08/07/2006, Rank=1, Email=pglover19@comcast.net, Id=127
Name=Eric Fritz, 08/07/2006, Rank=1, Email=emf@emfnet.com, Id=128
Name=Ivan Mihaljevic, 08/09/2006, Rank=1, Email=ivan@mihaljevic.org, Id=129
Name=Dushan Arumugam, 08/11/2006, Rank=1, Email=dushan.1@netzero.net, Id=130
Name=John Schenken, 08/13/2006, Rank=1, Email=johnsc@msn.com, Id=131
Name=Mitchell Billman, 08/14/2006, Rank=1, Email=mbillman@transpayinc.com, Id=132
Name=Bob Yard, 08/14/2006, Rank=1, Email=bobyard@charter.net, Id=133
Name=Peter Tunney, 08/14/2006, Rank=1, Email=pftunney@comcast.net, Id=134
Name=Rodger Kline, 08/17/2006, Rank=1, Email=nick@latteland.com, Id=135
Name=Ben Yarwood, 08/21/2006, Rank=1, Email=ben@yarwood.com, Id=136
Name=Anthony Howard, 08/22/2006, Rank=1, Email=anthony@howard.eclipse.co.uk, Id=137
Name=James Montague, 08/23/2006, Rank=1, Email=jim@jimandsherry.org, Id=138
Name=Neal Landers, 08/23/2006, Rank=1, Email=atlantaattorney@aol.com, Id=139
Name=Carl Peterson, 08/25/2006, Rank=1, Email=cpeterson@satx.rr.com, Id=140
Name=Charles Ervin, 08/27/2006, Rank=1, Email=cervin@nc.rr.com, Id=141
Name=Robert Miller, 08/27/2006, Rank=1, Email=rmiller@mtco.com, Id=142
Name=Dan Glazerman, 08/28/2006, Rank=1, Email=dglazerman@comcast.net, Id=143
Name=Paul Gormley, 08/29/2006, Rank=1, Email=pgormley@prodjpc.com, Id=144
Name=Kenneth Rockwell, 08/30/2006, Rank=1, Email=krockwell@writeme.com, Id=145
Name=Scott Albright, 08/30/2006, Rank=1, Email=julie@clublonghorn.com, Id=146
Name=Hermanus Nel, 08/31/2006, Rank=1, Email=hermanus@webmail.co.za, Id=147
Name=Dean Pass, 09/01/2006, Rank=4, Email=dpass@xsconsulting.com, Id=148
Name=David Dyer, 09/02/2006, Rank=1, Email=wavydyer@comcast.net, Id=149
Name=Steve Letkeman, 09/04/2006, Rank=1, Email=steve@zanthic.com, Id=150
Name=Simon Edgely, 09/04/2006, Rank=1, Email=simon@edgley.co.uk, Id=151
Name=Russell Zaccari, 09/04/2006, Rank=1, Email=zaccari@zaccari.net, Id=152
Name=Tom Smietana, 09/05/2006, Rank=1, Email=Tom@spa-poolspecialist.com, Id=153
Name=Derrick Moreira, 09/05/2006, Rank=1, Email=dman99@yahoo.com, Id=154
Name=Frank Lillo, 09/05/2006, Rank=1, Email=frank.lillo@gmail.com, Id=155
Name=James Kaiser, 09/06/2006, Rank=1, Email=jw_kaiser@yahoo.com, Id=157
Name=James Garrett, 09/08/2006, Rank=1, Email=jmg5025@bellsouth.net, Id=158
Name=Brian Rotsten, 09/11/2006, Rank=1, Email=bsr@indy2.kpt.arl.psu.edu, Id=159
Name=S W Harrison, 09/11/2006, Rank=1, Email=shane@longwhitecloud.com, Id=160
Name=Mike Potts, 09/13/2006, Rank=1, Email=potts.mike@gmail.com, Id=161
Name=Michael Davis, 09/13/2006, Rank=1, Email=mwd@cisco.com, Id=162
Name=Damian Flynn, 09/16/2006, Rank=1, Email=damian.flynn@gmail.com, Id=164
Name=Rodney Avery, 10/11/2006, Rank=1, Email=rodaaent@yhti.net, Id=165
Name=Michael Bradish, 10/14/2006, Rank=1, Email=bradishm@comcast.net, Id=166
Name=TInSys, 07/27/2006, Rank=1, Email=ebariaux@tinsys.com, Id=167
Name=Dan Marquardt, 08/04/2006, Rank=1, Email=detox_ucla@yahoo.com, Id=169
Name=Cristopher Catalia, 08/04/2006, Rank=1, Email=crisms98@sbcglobal.net, Id=170
Name=C Beginners United, 08/04/2006, Rank=1, Email=Davepow16@yahoo.com, Id=171
Name=Gus Erickson, 08/04/2006, Rank=1, Email=brian@ericksonworld.com, Id=172
Name=2084 Inc, 08/04/2006, Rank=1, Email=stormy@2084.com, Id=173
Name=Robert Yard, 08/13/2006, Rank=1, Email=purplekasa@charter.net, Id=176
Name=The Flirble Organisation, 08/17/2006, Rank=1, Email=chrisy@flirble.org, Id=178
Name=D.J.D. Light & Sound, 08/28/2006, Rank=1, Email=paulgormley@mchsi.com, Id=180
Name=Kenneth Woodrow, 09/02/2006, Rank=1, Email=kdwoodrow@hotmail.com, Id=183
Name=JoAnne Letkeman, 09/04/2006, Rank=1, Email=joalet@telusplanet.net, Id=184
Name=Karen Ames, 09/04/2006, Rank=1, Email=simon@edgley.co.uk, Id=185
Name=Heather Smietana, 09/04/2006, Rank=1, Email=Tom@spa-poolspecialist.com, Id=186
Name=Sunbed Service LLC, 09/06/2006, Rank=1, Email=nrcook@gmail.com, Id=187
Name=Robert Groner, 09/15/2006, Rank=8, Email=sundevil_1997@yahoo.com, Id=188
Name=Bill Mackrell, 10/19/2006, Rank=1, Email=bmackrell@gmail.com, Id=190
Name=Willard Korfhage, 10/19/2006, Rank=1, Email=paypal@familyk.org, Id=191
Name=Swen Elpelt, 10/26/2006, Rank=1, Email=SElpelt@Gmail.com, Id=192
Name=Kevin Schmidt, 10/26/2006, Rank=1, Email=unclevt@yahoo.com, Id=193
Name=Michael Lorenzen, 10/28/2006, Rank=1, Email=adent042@earthlink.net, Id=194
Name=Mario Gonzalez, 10/29/2006, Rank=1, Email=mgonzale@alum.mit.edu, Id=195
Name=Enda Breslin, 10/30/2006, Rank=1, Email=enda@breslin.net, Id=196
Name=Doug Kemme, 10/31/2006, Rank=1, Email=dkemme61@mac.com, Id=197
Name=David Coker, 11/02/2006, Rank=1, Email=thecokers@cox-internet.com, Id=199
Name=Brian Simmons, 11/03/2006, Rank=1, Email=brettbrian@juno.com, Id=200
Name=Larry Ragan, 11/04/2006, Rank=1, Email=lragan@myedl.com, Id=201
Name=Richard Zellmer, 09/25/2008, Rank=1, Email=rich@zellmerhomes.com, Id=202
Name=Leslie Bibkewich, 11/06/2006, Rank=1, Email=lesbib@telusplanet.net, Id=203
Name=George Kiersted, 11/07/2006, Rank=1, Email=geokier@yahoo.com, Id=204
Name=Mike Stelmat, 11/12/2006, Rank=1, Email=mike@stelmat.net, Id=205
Name=Kathryn Cook, 11/12/2006, Rank=1, Email=kathryncook@tx.rr.com, Id=206
Name=Samer Ziady, 11/14/2006, Rank=1, Email=samer@warnermachine.com, Id=207
Name=Richard Meyer, 11/15/2006, Rank=1, Email=rbmeyer2006@melps.net, Id=208
Name=Devin Wright, 11/16/2006, Rank=1, Email=devin@shaw.ca, Id=209
Name=Jeffrey Ingber, 11/16/2006, Rank=1, Email=jharrison02@gate.net, Id=210
Name=Edmond Habak, 11/19/2006, Rank=1, Email=edmond.habak@optusnet.com.au, Id=211
Name=Robert Williams, 11/21/2006, Rank=1, Email=rwilliams@aamamail.com, Id=212
Name=Shawn J. Doughty, 11/24/2006, Rank=1, Email=sd@ebnetworking.com, Id=214
Name=Frederick Craig, 11/29/2006, Rank=1, Email=rcraig@rhbarringer.com, Id=215
Name=Robert Pollack, 11/29/2006, Rank=1, Email=rpollack1@cox.net, Id=216
Name=Brian Anderton, 11/30/2006, Rank=1, Email=paypal@x2it.com, Id=217
Name=Richard Uberto, 11/30/2006, Rank=1, Email=richard@uberto.com, Id=218
Name=Patrick Freer, 11/30/2006, Rank=1, Email=pfreer@ndlea.com, Id=219
Name=Lenwood Sawyer, 12/01/2006, Rank=1, Email=lsawyer@sawyernet.com, Id=220
Name=Thorsten Chlupp, 12/04/2006, Rank=1, Email=reina@alaska.net, Id=221
Name=Edward Regan, 12/04/2006, Rank=1, Email=edward@theregans.net, Id=222
Name=Dustin Loftis, 12/05/2006, Rank=1, Email=dloftis@dloftis.com, Id=223
Name=John Krenitsky, 12/05/2006, Rank=1, Email=jkrenitsky@epix.net, Id=224
Name=Chris Taylor, 12/05/2006, Rank=1, Email=christaylor20@gmail.com, Id=225
Name=Juan Granados, 12/06/2006, Rank=1, Email=jgranados@campbellalliance.com, Id=226
Name=Brad Johnson, 12/06/2006, Rank=1, Email=bradj@mira.net, Id=227
Name=Rolec (Electrical Contractors) Ltd, 12/07/2006, Rank=1, Email=dean@rolec.net, Id=228
Name=David Yen, 12/07/2006, Rank=1, Email=dhyen@yahoo.com, Id=229
Name=Kevin Hawkins, 12/07/2006, Rank=1, Email=paypal@ukusa.co.uk, Id=230
Name=Martin Orrick, 12/07/2006, Rank=1, Email=m.orrick@comcast.net, Id=231
Name=Kevin Dudak, 12/07/2006, Rank=1, Email=kevin@dudak.com, Id=232
Name=Michael Brundridge, 12/08/2006, Rank=1, Email=mbrund@yahoo.com, Id=233
Name=Bryant Robinson, 12/08/2006, Rank=1, Email=monetteboy@hotmail.com, Id=234
Name=Trey Wylie, 12/08/2006, Rank=1, Email=treywylie@yahoo.com, Id=235
Name=Davin Brannon, 12/08/2006, Rank=1, Email=davin.brannon@cae.com, Id=237
Name=Neil Gardner, 12/09/2006, Rank=1, Email=neilc.gardner@gmail.com, Id=239
Name=Ken Gideon, 12/09/2006, Rank=1, Email=ken_gideon@yahoo.com, Id=240
Name=Studio 57 Designs, 12/09/2006, Rank=1, Email=louise@studio57designs.com, Id=241
Name=Darren Lindsten, 12/09/2006, Rank=1, Email=cmedarren@yahoo.com, Id=242
Name=Richard Sledd, 12/09/2006, Rank=1, Email=ricksledd@hotmail.com, Id=243
Name=Joel Leeper, 12/09/2006, Rank=1, Email=jleeper@nc.rr.com, Id=244
Name=Michael Billman, 12/09/2006, Rank=1, Email=mjbillman@yahoo.com, Id=245
Name=Larry Claunch, 12/09/2006, Rank=1, Email=Huskerduck@onlinenw.com, Id=246
Name=Anthony Okafor, 12/09/2006, Rank=1, Email=aokafor@uwf.edu, Id=247
Name=C. Soechting, 12/09/2006, Rank=1, Email=csoechting@hotmail.com, Id=248
Name=William Stemper, 12/09/2006, Rank=1, Email=junk666@sbcglobal.net, Id=249
Name=Patrick Gray Jr, 12/10/2006, Rank=1, Email=patgrayjr@yahoo.com, Id=250
Name=David Wagner, 12/10/2006, Rank=1, Email=dwagner4521@optonline.net, Id=251
Name=Dean's Emporium, 12/10/2006, Rank=1, Email=Deansemp@Frontiernet.net, Id=252
Name=Diana Bromfield, 12/10/2006, Rank=1, Email=ceejust@nyc.rr.com, Id=253
Name=Derek Bowes, 12/10/2006, Rank=1, Email=admin@dereksemail.com, Id=254
Name=James Runde, 12/11/2006, Rank=1, Email=jay@therundes.com, Id=255
Name=5 Star Events, 12/11/2006, Rank=1, Email=payments@5starevents.com, Id=256
Name=Christopher Jackson, 12/12/2006, Rank=1, Email=chrijack@cisco.com, Id=257
Name=Phil Irka, 12/13/2006, Rank=1, Email=Philirka@gmail.com, Id=258
Name=Joseph Churley, 01/15/2007, Rank=1, Email=joe_churley@bellsouth.net, Id=259
Name=Jeff Crow, 01/21/2007, Rank=1, Email=providince@yahoo.com, Id=260
Name=Flemming Buhl, 03/09/2007, Rank=1, Email=fb@printline.dk, Id=261
Name=Nick Giovas, 04/02/2007, Rank=1, Email=Nick@giovas.net, Id=262
Name=Melanie Serrato, 04/04/2007, Rank=1, Email=reagentmel@sbcglobal.net, Id=263
Name=William Plaice, 04/05/2007, Rank=1, Email=Will_Plaice@hotmail.com, Id=264
Name=David Lawson-Shah, 04/06/2007, Rank=1, Email=david@lawson-shah.co.uk, Id=265
Name=Daniel Lawson, 04/09/2007, Rank=1, Email=anndanlawson@hotmail.com, Id=266
Name=Craig Brown, 04/09/2007, Rank=1, Email=stinggray@comcast.net, Id=267
Name=Eric Treaster, 04/10/2007, Rank=1, Email=eric-pac@rcn.com, Id=268
Name=Russell Farr, 04/11/2007, Rank=1, Email=rfarr8@cox.net, Id=269
Name=Larry Miller, 04/12/2007, Rank=1, Email=lkmiller@cox.net, Id=270
Name=Philip  Wolochuk, 04/12/2007, Rank=1, Email=philip@pjwinstalls.com, Id=271
Name=Blake LaGrone, 04/13/2007, Rank=1, Email=kevin@lagrone.net, Id=272
Name=Sean Spillane, 04/13/2007, Rank=1, Email=seanspillane@alumni.purdue.edu, Id=273
Name=Wayne Dill, 04/13/2007, Rank=1, Email=wdill@telus.net, Id=274
Name=Scott Simpson, 04/14/2007, Rank=1, Email=brendanandkyle@sbcglobal.net, Id=275
Name=Clay Mahaffey, 04/14/2007, Rank=1, Email=cqc@mahaffey.org, Id=276
Name=Ken Liu, 04/14/2007, Rank=1, Email=nycken@gmail.com, Id=277
Name=Michael Bahr, 04/14/2007, Rank=1, Email=mbahr@prarch.com, Id=278
Name=Bing Lum, 04/14/2007, Rank=1, Email=bingl@ampharmacyconsulting.com, Id=279
Name=Joe Presto, 04/15/2007, Rank=1, Email=joe@desktopguerrillas.com, Id=280
Name=Brent Smith, 04/18/2007, Rank=1, Email=smithb39@gmail.com, Id=281
Name=Scott Bell, 05/07/2007, Rank=1, Email=test@unknown.com, Id=282
Name=Michael Boulanger, 05/16/2007, Rank=1, Email=mike@mbdatasystems.com, Id=283
Name=Matt Heinrich, 06/05/2007, Rank=1, Email=mheinric@columbus.rr.com, Id=284
Name=Dale Geffs, 06/15/2007, Rank=1, Email=dale@dalegeffs.com, Id=285
Name=Mike Messenger, 06/22/2007, Rank=1, Email=mike@gqdigitalhome.com, Id=286
Name=Thomas Novak, 06/28/2007, Rank=1, Email=tnovak72@sprintpcs.com, Id=287
Name=Automated Outlet, 07/04/2007, Rank=10, Email=Brandon@AutomatedOutlet.com, Id=288
Name=Greg Battas, 07/20/2007, Rank=1, Email=battasdumpster@gmail.com, Id=289
Name=Chad Seymour, 07/21/2007, Rank=1, Email=cseymour@rochester.rr.com, Id=290
Name=William Rance King Jr., 08/08/2007, Rank=1, Email=RK@rkprop.com, Id=291
Name=Eric Layton, 08/23/2007, Rank=1, Email=elayton@per-tech-services.com, Id=292
Name=Robert Gutmann, 09/14/2007, Rank=1, Email=rob@a5gard.com, Id=293
Name=Aldo Naris, 09/28/2007, Rank=1, Email=aldo@securitym.com, Id=294
Name=Kenneth Gacevich, 10/15/2007, Rank=1, Email=gacevich@gmail.com, Id=295
Name=Patrick Oliveri, 10/23/2007, Rank=1, Email=patrick2206@gmail.com, Id=296
Name=Eric Hall, 11/12/2007, Rank=1, Email=eric_c_hall@yahoo.com, Id=297
Name=Sylvain Masse, 11/26/2007, Rank=1, Email=sylvain@masse.com, Id=298
Name=Mark Tate, 12/20/2007, Rank=1, Email=markt@northstarfire.com, Id=299
Name=Tom Walker, 12/21/2007, Rank=1, Email=twalker@acc.org, Id=300
Name=George Motichka, 01/07/2008, Rank=1, Email=gmotichka@homeation.net, Id=301
Name=Gary Fredricks, 01/08/2008, Rank=1, Email=gary@thefredricksfamily.com, Id=302
Name=Byron Newton, 01/28/2008, Rank=1, Email=bnewton@cyroncorp.com, Id=303
Name=Randy Unger, 02/11/2008, Rank=1, Email=randy.unger@gmail.com, Id=304
Name=Mark Stewart, 02/11/2008, Rank=1, Email=mark.stewart@teamnet.net, Id=305
Name=John Kish, 02/14/2008, Rank=1, Email=jwk@creativeacademics.com, Id=306
Name=Eric Bogard, 02/19/2008, Rank=1, Email=ebogard@thebogards.com, Id=307
Name=Mark Stiebel, 02/20/2008, Rank=1, Email=mark@stiebel.me, Id=308
Name=Mark Kasdorf, 02/24/2008, Rank=1, Email=xmkazz@gmail.com, Id=309
Name=Jose Dizon, 02/26/2008, Rank=1, Email=coachjose@hawaii.rr.com, Id=310
Name=Andre Vincent, 02/26/2008, Rank=1, Email=marvin@cgocable.ca, Id=311
Name=Patrick Long, 02/27/2008, Rank=1, Email=pat@pelong.com, Id=312
Name=Laurent Moll, 02/27/2008, Rank=1, Email=laurent@moll.cc, Id=313
Name=Todd Graham, 02/27/2008, Rank=1, Email=toddgraham@gmail.com, Id=314
Name=Pluckers, 02/27/2008, Rank=1, Email=bryanb@zeecon.com, Id=315
Name=Daniel Stumbaugh, 02/28/2008, Rank=1, Email=dstumbau@cisco.com, Id=316
Name=Mark Stanchin, 02/29/2008, Rank=1, Email=MStanchin@cisnet.com, Id=317
Name=Loren Koeman, 02/29/2008, Rank=1, Email=ldk@koemangroup.com, Id=318
Name=Shirly Wolfe, 02/29/2008, Rank=1, Email=swolf@KAEGAN.com, Id=319
Name=David Kuruc, 02/29/2008, Rank=1, Email=dkuruc@comcast.net, Id=320
Name=William Wood, 02/29/2008, Rank=1, Email=wcwood@gmail.com, Id=321
Name=Jim Sokoloff, 03/02/2008, Rank=1, Email=jim_automatedoutlet@sokoloff.com, Id=322
Name=Henry Odunlami, 03/03/2008, Rank=1, Email=hodunlami@hotmail.com, Id=323
Name=Mark Tague, 03/07/2008, Rank=1, Email=marktague@altec-inc.com, Id=324
Name=Scott Steffen, 03/10/2008, Rank=1, Email=slowmos@comcast.net, Id=325
Name=David Gormley, 03/18/2008, Rank=1, Email=gormleyd@eircom.net, Id=326
Name=Eric Albright, 04/07/2008, Rank=1, Email=ea.automation@gmail.com, Id=327
Name=George Grammatikas, 04/23/2008, Rank=1, Email=ggramatikas@turbinetech.com, Id=328
Name=Kim Ott, 05/01/2008, Rank=1, Email=jkott5@verizon.net, Id=329
Name=William Worley, 05/12/2008, Rank=1, Email=wcwworley@yahoo.com, Id=330
Name=Rob Walker, 05/14/2008, Rank=1, Email=Rob.Walker@cedarridge.com, Id=331
Name=Paul Seigler, 05/23/2008, Rank=1, Email=pseigler@databanker.org, Id=332
Name=Mathew Kozma, 05/24/2008, Rank=1, Email=matthew@kozmafamily.net, Id=333
Name=Sound Dimension Plus, 06/04/2008, Rank=1, Email=sounddim@aol.com, Id=334
Name=Sergio DeAlbuquerque, 06/09/2008, Rank=4, Email=sergio@vidabox.com, Id=335
Name=Abco Home Automation, 06/12/2008, Rank=1, Email=Test@unknown.com, Id=336
Name=Adrian Wu, 07/02/2008, Rank=1, Email=3taudio@gmail.com, Id=337
Name=Sheggs Lawson, 07/05/2008, Rank=1, Email=sheggsl@btinternet.com, Id=338
Name=James Simmons, 07/07/2008, Rank=1, Email=ellys@innova.net, Id=339
Name=William Sauter, 07/08/2008, Rank=1, Email=ewss@pclus.com, Id=340
Name=Javan Jensen, 07/26/2008, Rank=1, Email=javan_j@yahoo.com, Id=341
Name=Josh Arvin, 07/27/2008, Rank=1, Email=josh@josharvin.com, Id=342
Name=Jamie Leach, 08/03/2008, Rank=1, Email=jamie.leach@gmail.com, Id=343
Name=Anthony Corwin, 08/03/2008, Rank=1, Email=anthony.corwin@earthlink.net, Id=344
Name=Roman Rutman, 08/03/2008, Rank=1, Email=roman@rutman.org, Id=345
Name=Ivan Ndanga, 08/03/2008, Rank=1, Email=ivan@dtitf.com, Id=346
Name=Jay Sutaria, 08/05/2008, Rank=1, Email=jsutaria@gmail.com, Id=347
Name=Allen Nogee, 09/02/2008, Rank=1, Email=qcq@nogee.com, Id=348
Name=Rohan vanden Driesen, 09/15/2008, Rank=1, Email=rohanpublic@rohansplace.com, Id=349
Name=Mike Dalton, 09/16/2008, Rank=1, Email=ladytelecom@gmail.com, Id=350
Name=Anothony Zotti, 09/26/2008, Rank=1, Email=risenav@msn.com, Id=351
Name=BlueScope Steel, 09/29/2008, Rank=1, Email=mykel.koblenz@bluescopesteel.com, Id=352
Name=Josh Bawden, 10/01/2008, Rank=1, Email=calypsocowboy@hotmail.com, Id=353
Name=Robert Levine, 10/08/2008, Rank=1, Email=Robert@allstatepaperbox.com, Id=354
Name=FMEA IT Operations (VA), 10/13/2008, Rank=1, Email=luc.gosselin@dhs.gov, Id=355
Name=Robert Hix, 10/20/2008, Rank=1, Email=rhix@enlightenedhomes.com, Id=356
Name=John Macko, 10/23/2008, Rank=5, Email=jmacko@07.theaterxtreme.com, Id=357
Name=Morten Sorby, 11/04/2008, Rank=1, Email=morten@sorby.org, Id=358
Name=Sound Video Design, 11/11/2008, Rank=1, Email=dan@soundvideodesign.com, Id=359
Name=iLLUMISOURCE Technologies, 11/17/2008, Rank=1, Email=jasen@illumisource.net, Id=360
Name=Jeremy Warren, 11/21/2008, Rank=1, Email=jeremywarren@digital-influx.com, Id=361
Name=Christopher Tritz, 12/18/2008, Rank=1, Email=chris@fortecav.com, Id=362
Name=Digital Digs Bermuda, 01/03/2009, Rank=1, Email=dale@digitaldigs.bm, Id=363
Name=Kevin Flynn, 01/05/2009, Rank=1, Email=kevflynn@gmail.com, Id=364
Name=Dimensional Fund Advisors (Palisides West), 01/08/2009, Rank=1, Email=rhix@enlightenedhomes.com, Id=365
Name=Christopher Wilson, 01/09/2009, Rank=1, Email=chriswilson@cfl.rr.com, Id=366
Name=IntraLogic Solutions, Inc., 01/31/2009, Rank=1, Email=leem@intralogicsolutions.com, Id=367
Name=David Lepp, 02/06/2009, Rank=1, Email=dlepp@flexngate-mi.com, Id=368
Name=Mark Schryver, 02/11/2009, Rank=1, Email=mark.schryver@schryvermedical.com, Id=369
Name=Ronald Haley, 02/14/2009, Rank=1, Email=ronhaley@pacbell.net, Id=370
Name=Tom Williamson, 07/24/2009, Rank=1, Email=tom@dtssoftware.com, Id=371
Name=Rocker Rbian, 02/19/2009, Rank=1, Email=rbian@Earthlink.net, Id=372
Name=United States Naval Academy Alumni Association, 02/27/2009, Rank=1, Email=rhix@enlightenedhomes.com, Id=373
Name=Terrence Ripperda, 03/06/2009, Rank=1, Email=ripperda@gmail.com, Id=374
Name=Rick Friesen, 04/17/2009, Rank=1, Email=rickfrie@gmail.com, Id=375
Name=Zac Pollock, 04/17/2009, Rank=1, Email=zpollock@tsieda.com, Id=376
Name=Todd Phenix, 04/19/2009, Rank=1, Email=Tphenix2@aol.com, Id=377
Name=Frederick Wilt, 04/20/2009, Rank=1, Email=fcwilt@mindspring.com, Id=378
Name=Sue Chen, 09/20/2009, Rank=1, Email=suechhen@yahoo.com, Id=379
Name=Ian Carson, 04/21/2009, Rank=1, Email=icarson@nexus-desktop.com.au, Id=380
Name=Robert Danelen, 04/21/2009, Rank=1, Email=robert@danelen.com, Id=381
Name=Kerry Hill, 04/22/2009, Rank=1, Email=kd.hill@comcast.net, Id=382
Name=Scott Frederick, 04/23/2009, Rank=1, Email=scottfrederick@mac.com, Id=383
Name=Prashant Singri, 04/24/2009, Rank=1, Email=psingri@gmail.com, Id=384
Name=Domminick Kennen, 04/24/2009, Rank=1, Email=dkennen@gmail.com, Id=385
Name=Paul Azad, 04/25/2009, Rank=1, Email=paul@thissolution.com, Id=386
Name=David Waldschmidt, 04/25/2009, Rank=1, Email=davepch@waldschmidt.net, Id=387
Name=John Jones, 04/27/2009, Rank=1, Email=jmark71@yahoo.com, Id=388
Name=Marcel Durr, 04/27/2009, Rank=1, Email=marcel.d@gmx.ch, Id=389
Name=Chuck Bass, 04/27/2009, Rank=1, Email=chuck.bass@yahoo.com, Id=390
Name=Ben Atwater, 04/28/2009, Rank=1, Email=ben@at-h2o.com, Id=391
Name=Woody Kennedy, 04/29/2009, Rank=1, Email=wkennedy@malyd.com, Id=392
Name=William Irwin, 05/01/2009, Rank=1, Email=lymlyt@comcast.net, Id=393
Name=Sean Hollands, 05/01/2009, Rank=1, Email=seanhollands@yahoo.com, Id=394
Name=Felix Rosbergen, 05/02/2009, Rank=1, Email=frosbergen@hotmail.com, Id=395
Name=Ken Goldsberry, 05/04/2009, Rank=1, Email=kwgoldsberry@gmail.com, Id=396
Name=Mark Jorgenson, 05/06/2009, Rank=1, Email=m_jorgenson@yahoo.com, Id=397
Name=George Keepers, 05/06/2009, Rank=1, Email=keepersg@ohsu.edu, Id=398
Name=Marc Struhl, 09/27/2009, Rank=1, Email=marcst@ix.netcom.com, Id=399
Name=Jamie Royal, 05/11/2009, Rank=1, Email=jroyal@charter.net, Id=400
Name=Sylvain Lapointe, 05/13/2009, Rank=1, Email=sclapointe@videotron.ca, Id=401
Name=Trace Industrial, 05/18/2009, Rank=1, Email=sergio@vidabox.com, Id=402
Name=Lee Utley, 05/21/2009, Rank=1, Email=lee@klinstitute.com, Id=403
Name=Martin McCreesh, 05/22/2009, Rank=6, Email=martin.mccreesh@esatclear.ie, Id=404
Name=Test Customer, 04/03/2012, Rank=1, Email=deanroddey@comcast.net, Id=405
Name=Jay Adkins, 05/25/2009, Rank=1, Email=jaykins@me.com, Id=406
Name=Ronnie Kohring, 05/26/2009, Rank=1, Email=Ronnie@AnotherWorld.dk, Id=407
Name=John Williams, 05/28/2009, Rank=1, Email=jlwjmw@columbus.rr.com, Id=408
Name=Mike Geschwandtner, 05/30/2009, Rank=1, Email=mike.g@shaw.ca, Id=409
Name=Leif Olson, 05/30/2009, Rank=1, Email=LOlson@mobileofficeusa.com, Id=410
Name=Cody Brunson, 05/31/2009, Rank=1, Email=cody.brunson@gmail.com, Id=411
Name=Calvin Morrow, 06/01/2009, Rank=1, Email=calvin.morrow@gmail.com, Id=412
Name=Paul Parks, 06/02/2009, Rank=1, Email=parksy@gmail.com, Id=413
Name=Ryan Hunter, 06/16/2009, Rank=1, Email=hunt2714@yahoo.com, Id=414
Name=Brian Paetzold, 06/19/2009, Rank=1, Email=brian.paetzold@gmail.com, Id=415
Name=Steve Shelton, 06/19/2009, Rank=1, Email=shel888@bellsouth.net, Id=416
Name=Ira Broussard, 06/21/2009, Rank=1, Email=ibroussard@aol.com, Id=417
Name=Internet Development Associates, Inc, 06/23/2009, Rank=1, Email=enicolaides@idaintl.com, Id=418
Name=Jake Taft, 04/03/2012, Rank=1, Email=jaketaft76@gmail.com, Id=419
Name=Kevin Foster, 06/30/2009, Rank=1, Email=kfoster29@comcast.net, Id=420
Name=Weldon MIller, 06/30/2009, Rank=1, Email=ssmiller1@mac.com, Id=421
Name=Ted Polzin, 06/30/2009, Rank=1, Email=tpolzin@q.com, Id=422
Name=Encore Security Info, 07/10/2009, Rank=1, Email=zottianthony@gmail.com, Id=424
Name=Prestige Audio Video, 08/08/2009, Rank=1, Email=prestigeavs@aol.com, Id=428
Name=Dan Nis, 08/27/2009, Rank=6, Email=cqc@marstracker.org, Id=429
Name=Tanweer Memon, 09/12/2009, Rank=1, Email=unknown@nowhere.org, Id=430
Name=Gamtronix, Inc, 10/27/2009, Rank=1, Email=gams@gamtronix.net, Id=433
Name=Sydney Automation Group, 10/29/2009, Rank=1, Email=unknown@nowhere.com, Id=434
Name=Sinac Technolgoy, 10/29/2009, Rank=1, Email=sergio@vidabox.com, Id=435
Name=AV Solutions, 12/21/2009, Rank=1, Email=juan.manuel.lazo@gmail.com, Id=436
Name=Steve Perkins, 01/18/2010, Rank=1, Email=steve@perxnet.com, Id=437
Name=Mike Mckinnis, 03/12/2010, Rank=1, Email=mike.mckinnis@jmoutdoors.com, Id=438
Name=Useful Utilities, LLC, 03/17/2010, Rank=1, Email=zagar@usefulutilities.com, Id=439
Name=Robert Larson, 03/21/2010, Rank=1, Email=robert@threearchdesign.com, Id=440
Name=David Pfeiffenberger, 03/22/2010, Rank=1, Email=dxp178@yahoo.com, Id=441
Name=Samuel Saracino, 03/26/2010, Rank=1, Email=Sam.Saracino@Comcast.net, Id=442
Name=Mark Stoutjesdijk, 03/28/2010, Rank=1, Email=mark@stoutjesdijk.net, Id=443
Name=David Lacey, 03/29/2010, Rank=1, Email=paypal@davelacey.com, Id=444
Name=Apu Mullick, 04/11/2010, Rank=1, Email=payapu@spfld.com, Id=446
Name=Ferdinand Soto, 04/24/2010, Rank=1, Email=ferdinand@deezire.net, Id=447
Name=Jaime Morgan, 05/31/2010, Rank=1, Email=jaime.morgan@gmail.com, Id=448
Name=Michael Harris, 05/31/2010, Rank=1, Email=red_harris@hotmail.com, Id=449
Name=Willam Horton, 06/04/2010, Rank=1, Email=Hortoninvestment@cs.com, Id=450
Name=John Neilsen, 06/11/2010, Rank=1, Email=the_nielsens@sbcglobal.net, Id=451
Name=Itai Tavor, 06/19/2010, Rank=1, Email=itai@tavor.net, Id=452
Name=Daniel Leeman, 06/30/2010, Rank=1, Email=d_leeman@bellsouth.net, Id=453
Name=Signature Home Theaters, 07/20/2010, Rank=1, Email=shane@signaturehometheaters.net, Id=454
Name=Paul Ratinov, 07/22/2010, Rank=1, Email=pasha@arros.com, Id=455
Name=Philip Flippou, 09/13/2010, Rank=1, Email=philfilippou@optonline.net, Id=457
Name=Graeme Parker, 09/19/2010, Rank=1, Email=graeme.parker@gmail.com, Id=458
Name=Robert Moore, 09/23/2010, Rank=1, Email=robertjmoore@gmail.com, Id=459
Name=Michael Sanchez, 09/29/2010, Rank=1, Email=tech4x4@gmail.com, Id=460
Name=William Chaney, 10/13/2010, Rank=1, Email=wchaney@gmail.com, Id=461
Name=Gerald Barber, 10/17/2010, Rank=1, Email=gerald.barber@verizon.net, Id=462
Name=William Ferguson, 10/20/2010, Rank=1, Email=william@thefergusons.com, Id=463
Name=Justin Postuma, 10/20/2010, Rank=1, Email=justin@havemanbrothers.com, Id=464
Name=Mike Purtell, 10/21/2010, Rank=1, Email=mikepurt@msn.com, Id=465
Name=Marvin Peardon, 10/21/2010, Rank=1, Email=drvnbysound@gmail.com, Id=466
Name=Brian Getzschman, 10/22/2010, Rank=1, Email=briang@omni-tech.net, Id=467
Name=Marty Yantzie, 10/23/2010, Rank=1, Email=myyaz33@hotmail.com, Id=468
Name=Victor Dombrovskly, 10/23/2010, Rank=1, Email=victorsd@gmail.com, Id=469
Name=Bjorn Morris, 10/26/2010, Rank=1, Email=ukbjorn2000@yahoo.com, Id=470
Name=Michael Chmilar, 11/01/2010, Rank=1, Email=chmilar@acm.org, Id=471
Name=Jim Treadway, 11/04/2010, Rank=1, Email=jimtreadwayokc@hotmail.com, Id=472
Name=Joshua Harder, 11/06/2010, Rank=1, Email=jah.harder@gmail.com, Id=473
Name=Timothy E Tellier, 11/10/2010, Rank=1, Email=tim@tellier.ca, Id=474
Name=Jay Griffiths, 11/14/2010, Rank=1, Email=jwg@ols.com, Id=475
Name=Ajay Sanan, 11/15/2010, Rank=1, Email=ajaysanan@hotmail.com, Id=476
Name=Alex Hodgson, 11/25/2010, Rank=1, Email=Alex@skyfire.org.uk, Id=477
Name=Lou Judge, 12/15/2010, Rank=1, Email=judge_l@hotmail.com, Id=478
Name=Ezra Sugar, 01/24/2011, Rank=1, Email=ezra@esugar.net, Id=479
Name=David Wihite, 01/31/2011, Rank=1, Email=david.wilhite@auburnalum.org, Id=480
Name=Kriesel GmbH, 02/08/2011, Rank=1, Email=info@2loud4you.com, Id=481
Name=Kristian Hofer, 03/31/2011, Rank=1, Email=kristian@crystalclearit.com, Id=482
Name=Grey Matter Hosting, 04/15/2011, Rank=1, Email=paypal@greymatterhosting.com, Id=483
Name=Micheal Sear, 06/17/2011, Rank=1, Email=msear@optusnet.com.au, Id=484
Name=Dan Palombo, 06/18/2011, Rank=3, Email=dan@soundvideodesign.com, Id=485
Name=Kurt Steckling, 06/19/2011, Rank=1, Email=Kurt@vectorform.com, Id=486
Name=B. Ronald Hinson, 06/20/2011, Rank=1, Email=ronhinson@yahoo.com, Id=487
Name=Joe Gatto, 07/21/2011, Rank=5, Email=joe@joegatto.com, Id=488
Name=Ric Lewis, 07/29/2011, Rank=1, Email=ricl24@yahoo.com, Id=489
Name=Rui Bastos, 12/01/2011, Rank=1, Email=bastoru@hotmail.com, Id=490
Name=Brad Knight, 12/03/2011, Rank=1, Email=bknight@tnt21.com, Id=491
Name=Chris Zentner, 12/04/2011, Rank=1, Email=texam12z@yahoo.com, Id=492
Name=Amit Ubale, 12/05/2011, Rank=1, Email=amitubale@yahoo.com, Id=493
Name=Zack Paradise, 12/05/2011, Rank=1, Email=zparadise@paradise-infotech.com, Id=494
Name=Wayne Baker, 12/10/2011, Rank=1, Email=wayneb@DWISP.NET, Id=495
Name=Cover 2 Restaurants, 02/06/2012, Rank=1, Email=bryan@visual-av.com, Id=496
Name=Mike Graham, 02/09/2012, Rank=6, Email=mike@thegrahams.ws, Id=497
Name=Lorant Leopold, 02/20/2012, Rank=1, Email=Lorant_leopold@hotmail.com, Id=498
Name=Steven Omee, 02/21/2012, Rank=1, Email=steve@dutchholdingsltd.com, Id=499
Name=David Seigler, 02/22/2012, Rank=1, Email=spar30@sbcglobal.net, Id=500
Name=Charles Shrimpton, 04/05/2012, Rank=1, Email=stormy@2084.com, Id=501
Name=Jay Donoghue, 07/26/2012, Rank=1, Email=jay@donoghue.org, Id=502
Name=Russell Tarver, 08/11/2012, Rank=1, Email=r_tarver@hotmail.com, Id=503
Name=Galaxy Theater, 10/02/2012, Rank=1, Email=bryan@visual-av.com, Id=504

List complete. 471 records returned. Max Id=504
Completed sucessfully
